EmpID,FirstName,LastName,Email,Phone,Address,Department,Salary,PAN,Aadhaar,DOB,Manager,JoiningDate
1000,Nehmat,Anne,nehmat.anne@example.com,+919552412008,"72/980, Bhagat Ganj, Firozabad-040429",HR,1827666,JJRVH6701Q,515201854701,1972-11-16,Priya Naik,2021-04-27
1001,Advika,Varkey,advika.varkey@example.com,09306147441,"27/943, Goswami Chowk, Hajipur-980715",Engineering,1848384,ZTXKY0927Q,682322984782,1998-01-13,Rohan Kulkarni,2021-01-26
1002,Lakshit,Balasubramanian,lakshit.balasubramanian@example.com,3190252160,"64/91, Gupta Marg, Haridwar-462161",Sales,805832,MYOMO2462R,328143654028,1989-11-02,Priya Naik,2023-12-31
1003,Tanya,Grewal,tanya.grewal@example.com,01865868393,"560, Loyal Path, Gopalpur 625335",HR,2099975,DGXSU6370T,092940086091,1995-07-22,Rohan Kulkarni,2020-07-04
1004,Priyansh,Datta,priyansh.datta@example.com,6858401673,"H.No. 620, Mani Zila, Berhampur 864822",HR,1207234,CPZHU4006U,560973701973,1969-09-30,Sneha Joshi,2018-04-04
1005,Anay,Edwin,anay.edwin@example.com,1097242775,"59/459, Mangal Zila, Varanasi 442082",Engineering,952868,IYYWV8064U,734405151549,1978-05-21,Sneha Joshi,2018-06-20
1006,Krish,Grover,krish.grover@example.com,+912626336099,"91/734, Sama Circle, Vijayanagaram 880370",Sales,777450,FJCQK4016F,154782047758,1994-12-21,Vikas Patil,2024-11-06
1007,Jayan,Keer,jayan.keer@example.com,+914888961136,"H.No. 24, Gade Chowk, Allahabad 952867",HR,892444,TZYNO1576I,513200759779,1972-03-05,Sneha Joshi,2019-08-15
1008,Mohanlal,Bhalla,mohanlal.bhalla@example.com,05276536808,"57/08, Ahluwalia, Ambarnath 707364",Sales,1409654,BMQBQ8984S,460050561616,1975-08-01,Priya Naik,2025-11-12
1009,Ishaan,Wable,ishaan.wable@example.com,7476766415,"48/81, Ray Marg, Jamshedpur 963144",Marketing,714968,PQZVK6164F,693651435780,1998-12-01,Priya Naik,2020-02-04
1010,Ivana,Handa,ivana.handa@example.com,1373847864,"H.No. 722, Aggarwal Chowk, Chapra-628137",Operations,2299573,EHPIC9062M,881803500740,1967-04-16,Sneha Joshi,2016-12-11
1011,Indranil,Deshmukh,indranil.deshmukh@example.com,+914316691960,"637, Barad, Mango 305906",Finance,1243675,JABRD2763X,931761298476,1991-02-20,Priya Naik,2019-05-04
1012,Aaryahi,Thaman,aaryahi.thaman@example.com,08199025582,"H.No. 78, Ramaswamy Marg, Khora -830506",HR,2271346,CRZDH2299E,975026607054,1978-01-09,Priya Naik,2017-05-07
1013,Neysa,Sunder,neysa.sunder@example.com,06422006650,"H.No. 909, Suri Nagar, Madhyamgram-360860",IT Support,2015227,RUINA3546V,227470033676,1998-03-11,Amit Sharma,2017-10-12
1014,Shaan,Rao,shaan.rao@example.com,+919869040192,"949, Mangal Zila, Nagaon-051147",Finance,2259966,VXKDN6490W,260314101409,2000-03-12,Sneha Joshi,2019-01-29
1015,Shray,Raja,shray.raja@example.com,7914700098,"H.No. 18, Ravel Path, Mehsana 589325",Finance,781248,AAIBT8855C,468838681979,1970-08-07,Priya Naik,2016-02-01
1016,Azad,Ranganathan,azad.ranganathan@example.com,+915523428699,"73/45, Sarma Circle, Patiala 773692",Marketing,627363,HNXXQ7607Q,079921621507,1993-08-11,Sneha Joshi,2016-07-29
1017,Dishani,Shetty,dishani.shetty@example.com,+911010720333,"52/21, Jaggi Zila, Bathinda 814173",HR,2039105,ZLGPC5608U,620991373515,1998-09-08,Priya Naik,2023-01-12
1018,Riya,Manda,riya.manda@example.com,+912256160397,"H.No. 062, Mandal Ganj, Sonipat-347506",Marketing,1877837,PTCFO8709H,553724077537,1976-11-16,Priya Naik,2022-11-01
1019,Ira,Batra,ira.batra@example.com,7793825759,"H.No. 21, Manda Ganj, Jalgaon-360345",Marketing,1315024,OUNKD9922S,971405670956,1993-12-23,Rohan Kulkarni,2022-10-27
1020,Vaibhav,Bhakta,vaibhav.bhakta@example.com,+914192666685,"288, Mahajan Marg, Mira-Bhayandar-417510",Operations,1850039,UYXWX4408A,738299594547,1978-11-10,Sneha Joshi,2022-12-22
1021,Sara,Mani,sara.mani@example.com,1328730656,"H.No. 669, Garde Marg, Rajkot-682546",Engineering,1929000,OJWHJ8879Z,861367118202,2002-03-05,Priya Naik,2024-10-21
1022,Darshit,Jaggi,darshit.jaggi@example.com,1951361953,"52, Kapur Street, Gwalior 198434",Operations,2439315,WTEIH0901L,876647651802,1985-10-31,Rohan Kulkarni,2021-03-31
1023,Stuvan,Borra,stuvan.borra@example.com,01979647558,"10, Sant Street, Hazaribagh 333130",Engineering,715089,QMEZN5371Z,749539813275,1982-06-03,Amit Sharma,2021-12-23
1024,Ivan,Balakrishnan,ivan.balakrishnan@example.com,9537361994,"475, Arora Zila, Vadodara-242531",Marketing,2088229,NNPIS6401B,807977570180,1995-03-17,Priya Naik,2019-12-20
1025,Rohan,Gopal,rohan.gopal@example.com,7017997723,"H.No. 870, Bala Zila, Mira-Bhayandar-445454",Marketing,1122178,IGYKD1220A,813606797578,1982-08-14,Vikas Patil,2023-12-06
1026,Kartik,Banik,kartik.banik@example.com,+910866098948,"H.No. 790, Luthra Nagar, Sonipat-166280",Sales,857361,PMQWK1854Q,997627122096,1974-08-24,Priya Naik,2023-04-09
1027,Ryan,Bajwa,ryan.bajwa@example.com,06865388613,"008, Kibe Path, Ratlam 585113",Engineering,981075,SOWJT4682C,054120359726,1978-02-18,Vikas Patil,2016-06-15
1028,Prerak,Goda,prerak.goda@example.com,02498973239,"H.No. 65, Dora Zila, Dhule 314995",Operations,2378463,CAOKG8434P,298769767646,1970-11-11,Rohan Kulkarni,2017-01-30
1029,Vaibhav,Rana,vaibhav.rana@example.com,+913676488948,"H.No. 08, Soman Circle, Bellary-230310",HR,2445000,JRNHF8890Y,399892552950,1998-08-10,Rohan Kulkarni,2019-12-08
1030,Kanav,Hayer,kanav.hayer@example.com,6907483209,"20, Hegde Road, Raurkela Industrial Township 819243",Sales,918347,XYNZJ5423B,091505617007,1992-11-19,Sneha Joshi,2023-02-15
1031,Vritika,Sethi,vritika.sethi@example.com,9679496679,"59/000, Rama Chowk, Satna 057206",Operations,2365582,LNHLW4685F,640423774129,1973-06-09,Vikas Patil,2016-03-02
1032,Sumer,Kaur,sumer.kaur@example.com,+918874997842,"95, Garde Road, Pallavaram 775999",Finance,1001276,LSRNB3838E,009622770742,1975-12-28,Priya Naik,2019-12-05
1033,Vaibhav,Solanki,vaibhav.solanki@example.com,+916198959657,"13/53, Rama Ganj, Uluberia-670895",Engineering,1859212,UBRST4393L,584314500355,1994-11-10,Amit Sharma,2017-04-04
1034,Siya,Borah,siya.borah@example.com,3160377268,"179, Goda Nagar, Ghaziabad-596951",Sales,1238887,IYIAU5683U,733479552943,1995-07-20,Vikas Patil,2017-10-26
1035,Tiya,Gade,tiya.gade@example.com,+913023718809,"560, Mallick Marg, Bhimavaram-767880",Operations,1999146,UALPO1702C,191548065765,1987-03-11,Sneha Joshi,2021-04-26
1036,Samiha,Goel,samiha.goel@example.com,+911374971148,"H.No. 113, Karan Marg, Ajmer 594152",Operations,1767774,TGZWQ2600J,769302674107,1974-02-20,Amit Sharma,2021-07-09
1037,Gokul,Choudhury,gokul.choudhury@example.com,5648429486,"21, Bhatia Path, Jalna-594120",Sales,2466032,BXEPF7329Y,740496371235,1991-01-25,Priya Naik,2020-08-02
1038,Trisha,Kala,trisha.kala@example.com,+919795691899,"H.No. 03, Koshy Circle, Tiruppur-784056",Marketing,1336602,BOUZF7646Z,162124525713,1976-07-07,Vikas Patil,2023-12-03
1039,Aarna,Bedi,aarna.bedi@example.com,7070107508,"H.No. 83, Cheema Ganj, Vijayanagaram 190389",Sales,1291281,YLESR4517D,596610761380,1993-05-01,Amit Sharma,2024-11-10
1040,Vaibhav,Som,vaibhav.som@example.com,+915283434886,"20/802, Kala Path, Gwalior-397900",Operations,1392131,HZXYL4864Y,088937249577,1970-05-18,Vikas Patil,2025-03-06
1041,Vidur,Savant,vidur.savant@example.com,5052907861,"69, Kulkarni Marg, Khora  089619",Finance,1983507,PRJFC3433D,569271014672,1972-08-10,Rohan Kulkarni,2025-07-09
1042,Charvi,Butala,charvi.butala@example.com,+913750793153,"79/658, Kamdar Road, Saharanpur 980364",Marketing,2286534,PCRMI6011X,954157925206,2001-02-20,Priya Naik,2016-07-11
1043,Ela,Johal,ela.johal@example.com,9668971215,"H.No. 970, Sani Marg, Shivpuri 984369",Sales,1430491,BKCGP0169K,515802210764,1984-11-23,Amit Sharma,2016-12-02
1044,Armaan,Bajwa,armaan.bajwa@example.com,+917033836895,"061, Iyengar Path, Fatehpur-254836",HR,2017493,TJMFT7245L,256622718545,1980-08-09,Vikas Patil,2020-08-08
1045,Yuvaan,Ahluwalia,yuvaan.ahluwalia@example.com,7753088352,"026, Batra Chowk, Raurkela Industrial Township-311450",Operations,1633626,OCAFA1684U,091266020140,1980-12-15,Sneha Joshi,2022-03-16
1046,Kismat,Som,kismat.som@example.com,8334623308,"402, Boase Ganj, Tiruppur-300725",IT Support,1353713,MAJMF4084Q,127725398554,1980-06-27,Vikas Patil,2016-06-24
1047,Prisha,Salvi,prisha.salvi@example.com,08535860947,"08, Chand Path, Bhusawal 589610",Operations,2127655,BKCUP9566M,850925828184,1984-08-23,Sneha Joshi,2018-10-24
1048,Prisha,Suri,prisha.suri@example.com,1823474594,"52, Sastry Road, Narasaraopet 389063",Operations,2461740,QMHBX3008P,905966325413,1995-04-21,Vikas Patil,2016-12-20
1049,Shanaya,Varma,shanaya.varma@example.com,02705899515,"434, Yohannan Chowk, Aizawl-427753",Sales,1287175,GOJDA5100P,572877833052,2003-05-10,Sneha Joshi,2020-04-15
1050,Tarini,Bhagat,tarini.bhagat@example.com,05859815070,"41/39, Khare Circle, Bardhaman 059100",Finance,2170225,OOQUD1233S,422966023609,1987-09-03,Priya Naik,2015-12-18
1051,Azad,Sem,azad.sem@example.com,+919043380889,"H.No. 610, Contractor Zila, Satara-370228",Engineering,1646680,KEHJM5029F,896161489495,1996-03-15,Sneha Joshi,2025-09-04
1052,Anika,Iyengar,anika.iyengar@example.com,+918966065750,"98/87, Khanna Path, Kozhikode-591429",Finance,2425210,PMNIJ0937U,853120904506,1976-07-28,Sneha Joshi,2019-11-10
1053,Parinaaz,Date,parinaaz.date@example.com,02080765920,"02/41, Aurora Path, Amroha 930917",Engineering,1148669,UQURF8204S,096711372790,1980-03-30,Vikas Patil,2021-07-16
1054,Divit,Dora,divit.dora@example.com,7269592707,"60/36, Joshi Street, Mumbai 874912",Finance,1019513,BBDIP2720H,601921498534,1976-01-14,Rohan Kulkarni,2019-09-02
1055,Zoya,Sunder,zoya.sunder@example.com,05677271124,"85, Arora Ganj, Pudukkottai 698588",Sales,1067843,FECCP0506I,860671095176,1968-12-08,Rohan Kulkarni,2018-04-15
1056,Tarini,Mall,tarini.mall@example.com,2327511979,"61/454, Dhar Marg, Tadepalligudem 297425",Marketing,2325744,RPVYR9239N,787371610400,2002-10-07,Priya Naik,2017-08-13
1057,Dhanush,Devi,dhanush.devi@example.com,00335163196,"99/36, Gaba Zila, Guntakal-052999",Engineering,1074060,WXDST7033Y,703757236358,1973-06-18,Amit Sharma,2018-01-12
1058,Indranil,Dash,indranil.dash@example.com,6402611850,"191, Madan Chowk, Serampore 163792",Sales,1981303,AAARX9080H,307874924196,1987-11-08,Rohan Kulkarni,2019-01-02
1059,Gatik,Kapur,gatik.kapur@example.com,+910660172364,"36, Arya Path, Jalandhar-685846",Sales,1952489,FOJKK5423M,147967582980,1979-10-07,Vikas Patil,2016-03-03
1060,Raghav,Verma,raghav.verma@example.com,+917223988840,"92/469, Bal Street, Bardhaman-333947",HR,955626,RNISN6429W,423063877852,1996-07-22,Rohan Kulkarni,2016-02-05
1061,Hrishita,Dutta,hrishita.dutta@example.com,+917429317391,"16, Kant Circle, Jalgaon-384065",Engineering,1735501,XDUOD0766Q,402579440413,1985-05-08,Priya Naik,2023-12-04
1062,Hridaan,Kakar,hridaan.kakar@example.com,06212552099,"H.No. 675, Krishnamurthy Marg, Bhusawal 999593",Operations,2162222,OMLJI5707V,621112413559,1989-10-05,Vikas Patil,2016-05-30
1063,Alia,Balay,alia.balay@example.com,3918176418,"87, Chandra Circle, Nagpur 302399",Marketing,2130717,LKXXV2088N,896821751591,1978-07-05,Amit Sharma,2023-12-28
1064,Eshani,Sodhi,eshani.sodhi@example.com,+918655561778,"62/946, Das Marg, Allahabad-141708",Operations,749311,HCQZU6526C,461447379853,1996-08-17,Sneha Joshi,2025-02-10
1065,Tiya,Johal,tiya.johal@example.com,00383254879,"10/48, Golla Nagar, Kolkata 256859",HR,1878360,QFJOQ4231N,356052937006,1980-10-21,Vikas Patil,2024-07-20
1066,Sara,Mani,sara.mani@example.com,5612324244,"H.No. 021, Zacharia Path, Shahjahanpur 498513",IT Support,2292554,QWKYB2103W,249164238029,1978-07-28,Vikas Patil,2020-08-13
1067,Ira,Bava,ira.bava@example.com,+919981020527,"H.No. 093, Banik Circle, Bareilly-635900",Marketing,1998807,WCXPC4884H,862050025636,1992-02-22,Rohan Kulkarni,2023-04-17
1068,Nitara,Chahal,nitara.chahal@example.com,+912991814297,"H.No. 321, Mani Ganj, Hosur 053736",IT Support,2376744,XFANT9063J,109540187743,1969-10-26,Sneha Joshi,2018-08-24
1069,Manikya,Tripathi,manikya.tripathi@example.com,+916365163791,"53/821, Mannan Marg, Kanpur 828593",Finance,1045862,DPGZE6196A,585062533537,1991-04-25,Priya Naik,2020-04-30
1070,Ela,Khalsa,ela.khalsa@example.com,09341521615,"89/41, Chakraborty Road, Udupi 346998",Finance,2465512,RGGGB0383U,328104784671,1996-08-06,Vikas Patil,2021-11-05
1071,Romil,Kaur,romil.kaur@example.com,+910249087293,"14/927, Bali Path, Sambalpur 596091",Engineering,1640473,HRPOW7664G,466302951279,1996-09-04,Priya Naik,2019-09-26
1072,Indranil,Konda,indranil.konda@example.com,+911766032074,"36/282, Dhawan Nagar, Bulandshahr 491049",Marketing,1893679,NDLPK0011K,396421410393,1967-08-08,Priya Naik,2021-05-04
1073,Devansh,Desai,devansh.desai@example.com,8426419249,"H.No. 144, Manda Ganj, Darbhanga 765690",IT Support,632449,QEIVD2857G,889277150760,1990-09-27,Rohan Kulkarni,2019-02-15
1074,Neelofar,Dhar,neelofar.dhar@example.com,08596840954,"19/54, Lal Street, Sambhal-583943",Sales,1489867,REGXE9510R,105057650559,1972-07-17,Vikas Patil,2025-10-05
1075,Alisha,Contractor,alisha.contractor@example.com,+914449139079,"63/10, Sangha, Ozhukarai-985164",Finance,2432305,PYIJR4308C,489255907876,1996-07-21,Sneha Joshi,2022-06-09
1076,Samaira,Dubey,samaira.dubey@example.com,6966555054,"H.No. 571, Swaminathan Ganj, Tumkur-668828",Engineering,782018,DLFWA5941X,357074840973,1985-08-02,Amit Sharma,2023-12-05
1077,Lakshit,Dugar,lakshit.dugar@example.com,09533384426,"045, Yadav Marg, Dharmavaram 504081",Operations,1037451,KBBBY9860G,981692579575,2002-08-01,Priya Naik,2017-04-30
1078,Fateh,Apte,fateh.apte@example.com,9662092839,"68/17, Tak Path, Jorhat-138268",Operations,1605359,EMIWL1810N,455890180883,1990-10-28,Sneha Joshi,2017-11-04
1079,Abram,D’Alia,abram.d’alia@example.com,+915666228253,"H.No. 624, Sarin, Patiala-700701",Finance,2033255,DVEXZ8189Y,841266612009,1981-08-14,Priya Naik,2016-09-23
1080,Nakul,Barad,nakul.barad@example.com,3602291298,"H.No. 01, Goel Nagar, Srikakulam-479050",Operations,2371665,NWSXV2755N,673155024537,1969-05-22,Amit Sharma,2024-04-09
1081,Drishya,Gala,drishya.gala@example.com,06298149122,"740, Lata Road, Bijapur 065713",Operations,1018941,RIFIB4568Z,704173376845,2000-04-07,Amit Sharma,2025-11-14
1082,Oorja,Sarin,oorja.sarin@example.com,+918463715607,"09/00, Baria Chowk, Akola-405095",Finance,649869,LSAEZ5880S,668772495338,1978-12-03,Sneha Joshi,2023-11-25
1083,Damini,Zachariah,damini.zachariah@example.com,01106756163,"H.No. 60, Dhingra Marg, Hazaribagh 086953",Marketing,1379313,MMXWQ5124E,340652746324,1991-12-08,Priya Naik,2024-03-27
1084,Shanaya,Mann,shanaya.mann@example.com,06816933584,"H.No. 71, Gaba Circle, Maheshtala-978988",HR,611931,TFPZZ5763K,615457876139,1973-06-16,Sneha Joshi,2019-10-28
1085,Shray,Saha,shray.saha@example.com,03552174616,"H.No. 21, Datta Marg, Ranchi-678905",Engineering,2364105,KFPOM0317R,968819952314,1999-07-15,Vikas Patil,2020-08-13
1086,Tiya,Deshpande,tiya.deshpande@example.com,+916091322406,"96, Grover Ganj, Ozhukarai-473430",IT Support,1901919,XSXPR0444Y,158287604973,1976-06-09,Priya Naik,2022-02-19
1087,Hridaan,Gole,hridaan.gole@example.com,07942388498,"355, Golla Chowk, Dindigul 792155",Engineering,1184863,NDQDF4184J,091299718180,1985-02-27,Priya Naik,2023-03-10
1088,Madhav,Basak,madhav.basak@example.com,01349543037,"001, Sidhu Nagar, Kalyan-Dombivli 878167",Marketing,769407,XJXQP7061B,420218795858,1981-08-21,Amit Sharma,2021-01-18
1089,Krish,Samra,krish.samra@example.com,3040435708,"H.No. 590, Karan Road, Jalna-655992",Sales,1875492,GSOPT3146T,848172655485,1990-02-02,Vikas Patil,2019-06-10
1090,Arhaan,Suri,arhaan.suri@example.com,+918103292610,"16/341, Aggarwal Zila, Rajkot-171164",Finance,870754,YBLIG2250G,317537187555,1980-11-25,Vikas Patil,2025-01-23
1091,Arnav,Banerjee,arnav.banerjee@example.com,+919077534097,"H.No. 14, Cherian Street, Medininagar 663863",Sales,2213917,EACRI0848C,582349827487,1992-03-26,Amit Sharma,2019-08-10
1092,Kartik,Bhatt,kartik.bhatt@example.com,+914476708131,"63, Chokshi Ganj, Ahmedabad 688716",Finance,2153919,ZVCUV9587H,449556600548,1971-08-31,Priya Naik,2020-09-08
1093,Aaryahi,Randhawa,aaryahi.randhawa@example.com,4848281030,"30/386, Chaudry Street, Agartala 016986",Marketing,767857,OTGWJ7361A,957678118316,1975-05-04,Vikas Patil,2018-10-27
1094,Miraya,Sabharwal,miraya.sabharwal@example.com,+913332904036,"74/976, Bhalla Street, Bangalore-225687",Marketing,2447611,XZSOF0101B,454637484448,1986-01-24,Priya Naik,2018-12-22
1095,Aayush,Mall,aayush.mall@example.com,07664707533,"175, Ram Road, Navi Mumbai 898122",IT Support,1433381,DTHMW0797M,232383884233,1982-03-17,Sneha Joshi,2024-02-09
1096,Eva,Lata,eva.lata@example.com,5292688337,"18, Wable Nagar, Morena 769973",HR,1494127,TBFKS5369O,307643603809,1971-08-21,Rohan Kulkarni,2016-11-28
1097,Eva,Vyas,eva.vyas@example.com,07382811044,"H.No. 338, Tata Street, Tinsukia 343381",IT Support,2341393,JOBGQ7224G,762318942707,1991-05-24,Amit Sharma,2019-02-21
1098,Tarini,Raval,tarini.raval@example.com,09563288622,"86/325, Gill Zila, Korba 271393",Sales,1607353,BKMOJ8440Z,570635213243,1968-04-01,Amit Sharma,2016-10-15
1099,Manikya,Sampath,manikya.sampath@example.com,2503706488,"665, Chander Zila, Arrah-364694",Engineering,1626886,SXZFZ4912I,524969313396,2002-04-26,Amit Sharma,2020-04-03
