EmpID,FirstName,LastName,StartDate,ExitDate,Title,Supervisor,Email,BusinessUnit,EmployeeStatus,EmployeeType,PayZone,EmployeeClassificationType,TerminationType,TerminationDescription,DepartmentType,Division,DOB,State,JobFunctionDescription,GenderCode,LocationCode,RaceDesc,MaritalDesc,Performance Score,Current Employee Rating
3427,Uriah,Bridges,20-Sep-19,Still Employed,Production Technician I,Peter Oneill,uriah.bridges@bilearner.com,CCDR,Active,Contract,Zone C,Temporary,Unk,Active,Production       ,Finance & Accounting,07-10-1969,MA,Accounting,Female,34904,White,Widowed,Fully Meets,4
3428,Paula,Small,11-Feb-23,Still Employed,Production Technician I,Renee Mccormick,paula.small@bilearner.com,EW,Active,Contract,Zone A,Part-Time,Unk,Active,Production       ,Aerial,30-08-1965,MA,Labor,Male,6593,Hispanic,Widowed,Fully Meets,3
3429,Edward,Buck,10-Dec-18,Still Employed,Area Sales Manager,Crystal Walker,edward.buck@bilearner.com,PL,Active,Full-Time,Zone B,Part-Time,Unk,Active,Sales,General - Sga,06-10-1991,MA,Assistant,Male,2330,Hispanic,Widowed,Fully Meets,4
3430,Michael,Riordan,21-Jun-21,Still Employed,Area Sales Manager,Rebekah Wright,michael.riordan@bilearner.com,CCDR,Active,Contract,Zone A,Full-Time,Unk,Active,Sales,Finance & Accounting,04-04-1998,ND,Clerk,Male,58782,Other,Single,Fully Meets,2
3431,Jasmine,Onque,29-Jun-19,Still Employed,Area Sales Manager,Jason Kim,jasmine.onque@bilearner.com,TNS,Active,Contract,Zone A,Temporary,Unk,Active,Sales,General - Con,29-08-1969,FL,Laborer,Female,33174,Other,Married,Fully Meets,3
3432,Maruk,Fraval,17-Jan-20,Still Employed,Area Sales Manager,Sheri Campos,maruk.fraval@bilearner.com,BPC,Active,Contract,Zone B,Full-Time,Unk,Active,Sales,Field Operations,03-04-1949,CT,Driver,Male,6050,Black,Married,Fully Meets,3
3433,Latia,Costa,06-Apr-22,03-Jul-23,Area Sales Manager,Jacob Braun,latia.costa@bilearner.com,WBL,Active,Full-Time,Zone B,Temporary,Involuntary,Me see picture nature degree benefit.,Sales,General - Eng,01-07-1942,CA,Technician,Female,90007,Hispanic,Divorced,Exceeds,4
3434,Sharlene,Terry,06-Nov-20,29-Jan-23,Area Sales Manager,Tracy Marquez,sharlene.terry@bilearner.com,CCDR,Active,Contract,Zone C,Full-Time,Involuntary,Blue community type skill story.,Sales,Engineers,07-03-1957,OR,Engineer,Female,97756,White,Divorced,Fully Meets,2
3435,Jac,McKinzie,18-Aug-18,Still Employed,Area Sales Manager,Sharon Becker,jac.mckinzie@bilearner.com,NEL,Active,Contract,Zone B,Part-Time,Unk,Active,Sales,Executive,15-05-1974,TX,Executive Assistant,Male,78789,Black,Widowed,Exceeds,3
3436,Joseph,Martins,21-Jan-22,29-Jun-23,Area Sales Manager,George Jenkins,joseph.martins@bilearner.com,BPC,Active,Part-Time,Zone B,Temporary,Resignation,Summer personal bag.,Sales,Engineers,11-11-1949,TX,Engineer,Male,78207,Asian,Widowed,Fully Meets,5
3437,Myriam,Givens,04-Aug-23,Still Employed,Area Sales Manager,Troy White,myriam.givens@bilearner.com,SVG,Active,Contract,Zone B,Temporary,Unk,Active,Sales,Field Operations,26-01-1964,IN,Technician,Female,46204,Other,Single,Fully Meets,5
3438,Dheepa,Nguyen,10-Aug-18,04-Nov-19,Area Sales Manager,Brian Miller,dheepa.nguyen@bilearner.com,MSC,Active,Full-Time,Zone C,Temporary,Retirement,Alone once than. More condition pay far.,Sales,General - Con,06-04-1948,GA,Technician,Female,30428,Asian,Married,Fully Meets,3
3439,Bartholemew,Khemmich,25-May-22,27-Nov-22,Area Sales Manager,Charles Parks,bartholemew.khemmich@bilearner.com,EW,Active,Full-Time,Zone A,Temporary,Involuntary,Foot in theory minute recognize test.,Sales,Splicing,24-11-1981,CO,Splicer,Male,80820,Other,Single,Fully Meets,3
3440,Xana,Potts,05-Dec-19,17-Feb-23,Area Sales Manager,Gregory Walker,xana.potts@bilearner.com,CCDR,Active,Contract,Zone A,Full-Time,Resignation,Degree wish science when thing week old.,Sales,Finance & Accounting,06-11-1951,KY,Controller,Female,40220,White,Divorced,Fully Meets,3
3441,Prater,Jeremy,28-Apr-19,Still Employed,Area Sales Manager,Tyler Lewis,prater.jeremy@bilearner.com,BPC,Active,Part-Time,Zone A,Part-Time,Unk,Active,Sales,General - Con,21-11-1989,NV,Lineman,Male,89139,Asian,Widowed,Exceeds,4
3442,Kaylah,Moon,09-Jul-19,16-Jun-22,Area Sales Manager,Ashley Scott,kaylah.moon@bilearner.com,PYZ,Active,Full-Time,Zone A,Full-Time,Retirement,Fear particular method stage.,IT/IS,Field Operations,24-11-1952,MA,Laborer,Male,2810,Black,Single,Exceeds,2
3443,Kristen,Tate,05-Apr-21,12-May-23,Area Sales Manager,Lauren Jones,kristen.tate@bilearner.com,WBL,Active,Full-Time,Zone C,Part-Time,Voluntary,Wall body wonder successful.,IT/IS,Project Management - Con,08-04-1994,KY,Coordinator,Male,2621,Asian,Widowed,Fully Meets,3
3444,Bobby,Rodgers,28-Nov-21,04-Feb-22,Area Sales Manager,Matthew Jackson,bobby.rodgers@bilearner.com,NEL,Active,Contract,Zone A,Part-Time,Voluntary,Visit foot nearly radio treatment.,Sales,Engineers,15-11-1983,KY,Director,Male,44553,Other,Widowed,Fully Meets,3
3445,Reid,Park,16-Jan-21,Still Employed,Area Sales Manager,Michelle Mitchell,reid.park@bilearner.com,PL,Active,Contract,Zone C,Full-Time,Unk,Active,Sales,Project Management - Con,07-12-1985,KY,Supervisor,Female,5360,Other,Married,Exceeds,4
3446,Hector,Dalton,24-Aug-21,Still Employed,Area Sales Manager,Sydney French,hector.dalton@bilearner.com,BPC,Active,Part-Time,Zone A,Part-Time,Unk,Active,Sales,Field Operations,01-05-1996,TX,Driller,Female,16325,White,Divorced,Exceeds,2
3447,Mariela,Schultz,26-May-20,18-Jun-23,Area Sales Manager,Michelle Evans MD,mariela.schultz@bilearner.com,CCDR,Future Start,Part-Time,Zone C,Part-Time,Involuntary,Unit pass office southern break one.,Sales,General - Con,17-02-1964,TX,Technician,Female,43481,Asian,Widowed,Fully Meets,3
3448,Angela,Molina,01-Oct-19,06-Nov-20,Area Sales Manager,Patricia Cook,angela.molina@bilearner.com,SVG,Future Start,Full-Time,Zone A,Temporary,Retirement,List class mind.,Sales,Engineers,12-05-1958,TX,Specialist,Male,50705,Asian,Widowed,Fully Meets,3
3449,Gerald,Preston,10-May-23,27-May-23,Area Sales Manager,Ashley Reeves,gerald.preston@bilearner.com,EW,Future Start,Contract,Zone B,Temporary,Involuntary,Price third parent evening.,Sales,General - Eng,18-09-1992,CO,Technician,Male,5168,Black,Single,Fully Meets,5
3450,Reilly,Moyer,01-Sep-20,04-Dec-22,Area Sales Manager,Stanley Harvey,reilly.moyer@bilearner.com,MSC,Active,Contract,Zone C,Temporary,Resignation,Cause military a sense. Doctor property may.,Sales,Field Operations,11-08-1994,CO,Operator,Male,11765,Other,Single,Exceeds,2
3451,Carlee,French,18-Feb-21,11-Nov-22,Area Sales Manager,Michael Bradshaw,carlee.french@bilearner.com,TNS,Active,Contract,Zone C,Full-Time,Voluntary,Station another son positive.,Sales,General - Con,15-01-1968,CO,Technician,Male,71071,Other,Divorced,Exceeds,3
3452,Jaydon,Blackburn,08-Nov-22,Still Employed,Area Sales Manager,Debbie Crosby,jaydon.blackburn@bilearner.com,PYZ,Active,Part-Time,Zone A,Part-Time,Unk,Active,Sales,General - Con,07-01-1947,IN,Foreman,Male,12122,Black,Divorced,Fully Meets,2
3453,Bridger,Carter,13-Oct-22,Still Employed,Area Sales Manager,Elizabeth Taylor,bridger.carter@bilearner.com,WBL,Active,Contract,Zone C,Part-Time,Unk,Active,Sales,Fielders,07-04-1982,MA,Engineer,Male,87065,White,Widowed,Fully Meets,4
3454,Leon,Beard,11-Sep-22,Still Employed,Area Sales Manager,Brian Dunlap,leon.beard@bilearner.com,PYZ,Active,Full-Time,Zone C,Full-Time,Unk,Active,IT/IS,General - Con,29-01-1970,KY,Foreman,Male,10415,Hispanic,Married,Needs Improvement,4
3455,Charity,Miranda,29-Jun-21,05-Jul-22,Area Sales Manager,Daniel Rodriguez,charity.miranda@bilearner.com,WBL,Active,Full-Time,Zone C,Temporary,Resignation,Pm local take example fund. Small heavy listen.,Sales,Project Management - Eng,18-01-1999,KY,Manager,Male,3763,Other,Widowed,Exceeds,4
3456,Axel,Howe,06-Mar-23,Still Employed,Area Sales Manager,Martin Hammond,axel.howe@bilearner.com,NEL,Active,Full-Time,Zone A,Temporary,Unk,Active,Sales,Field Operations,25-09-1946,KY,Technician,Female,79623,Black,Divorced,Fully Meets,3
3457,Milton,Wall,25-Sep-20,Still Employed,Area Sales Manager,Sara Bell,milton.wall@bilearner.com,PL,Active,Full-Time,Zone B,Temporary,Unk,Active,Sales,Engineers,23-08-1947,KY,Technician,Female,69189,White,Divorced,Needs Improvement,3
3458,Cory,Robinson,28-Apr-22,24-May-23,Area Sales Manager,Elizabeth Anderson,cory.robinson@bilearner.com,BPC,Future Start,Contract,Zone A,Full-Time,Voluntary,Several young whether that expert.,Sales,Field Operations,12-08-1996,TX,Laborer,Female,5194,Hispanic,Single,Needs Improvement,3
3459,Saniya,Yu,18-Apr-21,21-Jun-22,Area Sales Manager,Erin Bailey,saniya.yu@bilearner.com,CCDR,Future Start,Part-Time,Zone A,Full-Time,Retirement,Science end approach democratic treatment.,Sales,General - Con,09-02-1944,TX,Splicer,Male,8779,Black,Widowed,Exceeds,2
3460,Alisa,James,19-Feb-20,Still Employed,Area Sales Manager,Dennis Henderson,alisa.james@bilearner.com,SVG,Active,Full-Time,Zone A,Full-Time,Unk,Active,Sales,Aerial,10-02-1944,TX,Lineman,Male,74682,Asian,Married,Fully Meets,3
3461,Lincoln,Compton,18-Jul-19,01-Oct-21,Area Sales Manager,Tammy Conner,lincoln.compton@bilearner.com,EW,Future Start,Full-Time,Zone C,Part-Time,Resignation,Base scene central unit per argue. Might last of.,Sales,General - Con,29-12-1997,CO,Foreman,Male,78046,Hispanic,Married,Needs Improvement,1
3462,Aliana,Nolan,13-Sep-18,17-Sep-21,Area Sales Manager,Brianna Mathews,aliana.nolan@bilearner.com,MSC,Active,Contract,Zone A,Full-Time,Involuntary,Yourself book budget product.,Sales,Field Operations,09-08-1942,CO,Coordinator,Male,27270,Hispanic,Divorced,Needs Improvement,3
3463,Kayden,Dodson,30-Apr-20,18-Jul-21,Area Sales Manager,Jessica Peters,kayden.dodson@bilearner.com,TNS,Active,Part-Time,Zone A,Temporary,Retirement,Paper can score else investment.,Sales,Field Operations,21-06-1951,IN,Tower Hand,Male,12703,Hispanic,Single,Fully Meets,1
3464,James,Duke,03-Dec-18,09-Sep-22,Area Sales Manager,Mark Harris,james.duke@bilearner.com,PYZ,Active,Contract,Zone B,Full-Time,Involuntary,Stuff different color how.,Sales,Shop (Fleet),17-06-1998,MA,Mechanic,Male,66835,Black,Widowed,Needs Improvement,5
3465,Willow,Stuart,08-Nov-21,Still Employed,Area Sales Manager,Elizabeth Tapia,willow.stuart@bilearner.com,WBL,Active,Full-Time,Zone B,Full-Time,Unk,Active,Sales,General - Con,07-01-1962,MA,Flagger,Male,66150,Asian,Divorced,Needs Improvement,3
3466,Clayton,Walker,13-Apr-22,10-Apr-23,Area Sales Manager,Jon Holden,clayton.walker@bilearner.com,PYZ,Active,Part-Time,Zone C,Full-Time,Retirement,Sign figure employee card education.,IT/IS,Aerial,26-01-1979,KY,Supervisor,Male,64288,Other,Married,Exceeds,4
3467,Celia,Curtis,06-May-20,Still Employed,Area Sales Manager,Michael Odonnell,celia.curtis@bilearner.com,WBL,Active,Contract,Zone A,Part-Time,Unk,Active,Sales,Fielders,14-05-1987,KY,Engineer,Female,94333,Asian,Divorced,Exceeds,1
3468,Valentin,Reilly,09-Sep-19,Still Employed,Area Sales Manager,Andres Parker,valentin.reilly@bilearner.com,NEL,Active,Contract,Zone B,Temporary,Unk,Active,Sales,Wireline Construction,26-04-1998,KY,Foreman,Female,45453,Black,Single,Fully Meets,4
3469,Ryland,Shepherd,29-Jul-20,05-Jan-23,Area Sales Manager,James Berry,ryland.shepherd@bilearner.com,PL,Future Start,Contract,Zone B,Full-Time,Resignation,Right cut matter arrive difference.,Sales,Field Operations,21-02-1945,TX,Driver,Female,81905,Asian,Divorced,Needs Improvement,3
3470,Esteban,Gilbert,14-Nov-18,28-Oct-19,Area Sales Manager,Gail Ali,esteban.gilbert@bilearner.com,BPC,Future Start,Contract,Zone C,Part-Time,Retirement,Speak professor statement result.,Sales,Field Operations,31-05-1997,TX,Technician,Female,12491,Black,Married,Needs Improvement,3
3471,Jonathan,Adkins,29-Feb-20,Still Employed,Area Sales Manager,John Marshall,jonathan.adkins@bilearner.com,CCDR,Active,Part-Time,Zone C,Temporary,Unk,Active,Sales,Field Operations,03-01-1967,TX,Foreman,Male,64350,Asian,Married,Fully Meets,4
3472,Nevaeh,Soto,15-Jan-23,Still Employed,Area Sales Manager,Jessica Chang,nevaeh.soto@bilearner.com,SVG,Active,Contract,Zone C,Full-Time,Unk,Active,Sales,Project Management - Con,12-01-1982,TX,Director,Male,74124,Other,Married,Exceeds,4
3473,Chaim,Mata,29-Jun-23,Still Employed,Area Sales Manager,Desiree Vang,chaim.mata@bilearner.com,EW,Active,Part-Time,Zone A,Temporary,Unk,Active,Sales,Shop (Fleet),01-10-1950,CO,Manager,Male,33379,Hispanic,Widowed,Exceeds,2
3474,Arely,Patton,09-Mar-20,Still Employed,Area Sales Manager,Andrew Goodman,arely.patton@bilearner.com,MSC,Active,Full-Time,Zone A,Temporary,Unk,Active,Sales,Catv,16-12-1965,CO,Laborer,Male,34481,Other,Divorced,Fully Meets,2
3475,Vance,Trujillo,21-Sep-21,13-Apr-23,Area Sales Manager,Rebecca Simpson,vance.trujillo@bilearner.com,TNS,Active,Full-Time,Zone C,Temporary,Resignation,Expert challenge education air none money wide.,Sales,General - Con,25-12-1957,IN,Foreman,Male,90406,Asian,Widowed,Fully Meets,2
3476,Charlie,Koch,12-Jun-23,06-Jul-23,Area Sales Manager,Samantha Cardenas,charlie.koch@bilearner.com,PYZ,Active,Part-Time,Zone A,Temporary,Voluntary,Buy become improve guess business know.,Sales,Fielders,20-06-1945,MA,Engineer,Male,95774,Asian,Divorced,Needs Improvement,2
3477,Sonny,Horne,07-Apr-19,Still Employed,Area Sales Manager,Nancy Johnson,sonny.horne@bilearner.com,PYZ,Active,Part-Time,Zone A,Full-Time,Unk,Active,IT/IS,Aerial,03-12-1969,KY,Laborer,Female,16058,Asian,Widowed,Needs Improvement,2
3478,Thomas,Chandler,17-Sep-18,09-Jan-19,Area Sales Manager,Richard Hodges,thomas.chandler@bilearner.com,WBL,Active,Full-Time,Zone C,Temporary,Resignation,Read family dark scene scene guess.,Sales,Wireline Construction,10-10-1957,KY,Groundman,Female,45149,Hispanic,Married,Fully Meets,2
3479,Sarai,Stone,02-Aug-22,02-Apr-23,Area Sales Manager,Madison Wilson,sarai.stone@bilearner.com,NEL,Active,Contract,Zone A,Part-Time,Involuntary,Somebody great could yet.,Sales,Project Management - Con,17-05-1962,TX,Technician,Female,96336,Hispanic,Widowed,Fully Meets,2
3480,Jerimiah,Harmon,08-Sep-22,16-Oct-22,Area Sales Manager,Eric King,jerimiah.harmon@bilearner.com,PL,Future Start,Full-Time,Zone C,Temporary,Retirement,View vote contain within fight cup party war.,Sales,Catv,09-08-1946,TX,Supervisor,Female,75671,Black,Widowed,Fully Meets,1
3481,Leland,Allen,07-Mar-19,31-May-21,Area Sales Manager,Brandon Harris,leland.allen@bilearner.com,BPC,Future Start,Full-Time,Zone C,Part-Time,Voluntary,Buy house certain wrong research chair.,Sales,Wireline Construction,11-12-1965,TX,Splicer,Male,61149,Other,Widowed,Fully Meets,4
3482,Cristal,Bolton,29-Oct-19,07-Feb-21,Area Sales Manager,Matthew Flores,cristal.bolton@bilearner.com,CCDR,Future Start,Full-Time,Zone A,Temporary,Resignation,Miss onto none our discussion year.,Sales,Catv,11-02-1990,TX,Lineman,Male,57302,Asian,Divorced,Needs Improvement,2
3483,Jaslene,Harding,26-Sep-21,Still Employed,Area Sales Manager,Krystal Hamilton,jaslene.harding@bilearner.com,SVG,Active,Part-Time,Zone B,Temporary,Unk,Active,Sales,Project Management - Con,19-06-1964,CO,Coordinator,Male,42605,Asian,Widowed,Fully Meets,1
3484,Albert,Gonzalez,29-Aug-18,Still Employed,Area Sales Manager,Amber Hernandez,albert.gonzalez@bilearner.com,EW,Active,Part-Time,Zone B,Full-Time,Unk,Active,Sales,General - Con,18-07-1995,CO,Model Assistant,Male,64036,Other,Single,Fully Meets,4
3485,Jaiden,Johnson,26-Oct-21,Still Employed,Area Sales Manager,Patricia Smith,jaiden.johnson@bilearner.com,MSC,Active,Contract,Zone C,Full-Time,Unk,Active,Sales,Field Operations,22-08-1994,CO,Laborer,Male,23173,White,Widowed,Fully Meets,5
3486,Brendon,Mcconnell,31-Oct-22,08-Jun-23,Area Sales Manager,Victoria Krause,brendon.mcconnell@bilearner.com,TNS,Active,Part-Time,Zone C,Temporary,Involuntary,Nature finish modern push former American.,Sales,Fielders,14-11-1990,IN,Engineer,Male,19665,Other,Widowed,Fully Meets,4
3487,Kimora,Parsons,15-Mar-23,Still Employed,Area Sales Manager,Jesse Hunt,kimora.parsons@bilearner.com,BPC,Active,Contract,Zone B,Part-Time,Unk,Active,Sales,General - Sga,01-02-1994,KY,Administrator,Female,41161,Other,Divorced,Fully Meets,4
3488,Willie,Patterson,09-Sep-22,Still Employed,Area Sales Manager,Shane Jones,willie.patterson@bilearner.com,CCDR,Active,Contract,Zone B,Full-Time,Unk,Active,Sales,Wireline Construction,12-11-1997,KY,Lineman,Female,52499,Asian,Single,Fully Meets,2
3489,Devyn,Powers,04-Mar-22,Still Employed,Area Sales Manager,Jessica Murphy,devyn.powers@bilearner.com,EW,Active,Part-Time,Zone A,Temporary,Unk,Active,Sales,Field Operations,02-05-1953,TX,Laborer,Female,25634,Black,Divorced,Fully Meets,2
3490,Weston,Preston,11-Feb-19,Still Employed,Area Sales Manager,Crystal Wallace,weston.preston@bilearner.com,MSC,Active,Part-Time,Zone A,Part-Time,Unk,Active,Sales,General - Sga,10-07-1991,TX,Director,Female,37965,Hispanic,Divorced,Fully Meets,2
3491,Lennon,Buchanan,26-Jan-21,Still Employed,Area Sales Manager,Tina Nelson,lennon.buchanan@bilearner.com,NEL,Active,Contract,Zone B,Full-Time,Unk,Active,Sales,Field Operations,02-06-1973,TX,Driver,Male,39504,White,Widowed,Fully Meets,5
3492,Vicente,Merritt,26-Nov-19,Still Employed,Area Sales Manager,Ashley Smith,vicente.merritt@bilearner.com,PL,Active,Full-Time,Zone C,Full-Time,Unk,Active,Sales,General - Con,08-01-1993,CO,Clerk,Male,31676,Asian,Married,Fully Meets,1
3493,Hugo,Clay,15-Jul-19,Still Employed,Area Sales Manager,Eric Taylor,hugo.clay@bilearner.com,PYZ,Active,Full-Time,Zone C,Full-Time,Unk,Active,Sales,Project Management - Con,17-04-1984,CO,Project Manager,Male,28784,Asian,Widowed,Fully Meets,5
3494,Cohen,Raymond,18-Jun-20,Still Employed,Area Sales Manager,Jacob Snyder,cohen.raymond@bilearner.com,SVG,Active,Contract,Zone B,Full-Time,Unk,Active,Sales,General - Con,08-02-1994,CO,Technician,Male,90983,Black,Single,Fully Meets,4
3495,Tia,Ellis,22-Jun-23,22-Jul-23,Area Sales Manager,Daniel Cabrera,tia.ellis@bilearner.com,TNS,Active,Part-Time,Zone B,Temporary,Retirement,Night company image able suggest.,Sales,Wireline Construction,27-01-1993,IN,Laborer,Male,1115,Other,Married,Fully Meets,4
3496,Aspen,Bentley,02-Dec-21,Still Employed,Area Sales Manager,Barbara Garcia,aspen.bentley@bilearner.com,WBL,Active,Contract,Zone A,Part-Time,Unk,Active,Sales,General - Sga,19-09-1964,CA,Administrator,Male,72233,Other,Widowed,Fully Meets,5
3497,Graham,Rodriguez,08-Dec-21,Still Employed,Area Sales Manager,Kendra Murray,graham.rodriguez@bilearner.com,TNS,Active,Part-Time,Zone C,Temporary,Unk,Active,Sales,Project Management - Con,18-02-1981,OR,Lineman,Female,58210,Hispanic,Widowed,Fully Meets,1
3498,Joel,Mcmillan,26-Apr-23,22-Jun-23,Area Sales Manager,Peter Harvey,joel.mcmillan@bilearner.com,PYZ,Active,Full-Time,Zone A,Full-Time,Voluntary,About allow article. For gas player magazine.,Sales,General - Sga,17-10-1998,KY,Laborer,Female,36087,White,Widowed,Fully Meets,2
3499,Maci,Frost,25-Sep-18,20-Dec-21,Area Sales Manager,Patrick Daniel,maci.frost@bilearner.com,WBL,Active,Part-Time,Zone C,Temporary,Involuntary,Seem hand dog. Us six beyond place fund well.,Sales,Field Operations,16-01-1971,KY,Technician,Female,61457,Asian,Widowed,Fully Meets,5
3500,Nevaeh,Lucas,20-Nov-18,21-Jun-20,Area Sales Manager,Bryan Douglas,nevaeh.lucas@bilearner.com,NEL,Active,Full-Time,Zone B,Part-Time,Voluntary,Game hour boy not write somebody owner.,Sales,Shop (Fleet),25-02-2000,TX,Mechanic,Female,80424,White,Divorced,Fully Meets,1
3501,Garrett,Zimmerman,30-Aug-20,30-Aug-22,Area Sales Manager,Destiny Hopkins,garrett.zimmerman@bilearner.com,PL,Future Start,Part-Time,Zone A,Part-Time,Retirement,Worker medical commercial participant tough leg.,Sales,General - Con,19-04-1959,TX,Technician,Male,6240,Other,Widowed,Fully Meets,4
3502,Eugene,Marks,01-Oct-19,Still Employed,Area Sales Manager,Angela Morris,eugene.marks@bilearner.com,BPC,Active,Full-Time,Zone C,Temporary,Unk,Active,Sales,Splicing,29-06-1976,TX,Electrician,Male,49914,White,Married,Fully Meets,1
3503,Geovanni,Pugh,20-Jan-22,Still Employed,Area Sales Manager,Erica Franklin,geovanni.pugh@bilearner.com,CCDR,Active,Part-Time,Zone A,Temporary,Unk,Active,Sales,Project Management - Con,27-07-1951,CO,Manager,Male,71319,Other,Single,Fully Meets,4
3504,Javon,Kelley,10-Oct-21,Still Employed,Area Sales Manager,Gabriela Orr,javon.kelley@bilearner.com,SVG,Active,Full-Time,Zone B,Part-Time,Unk,Active,Sales,General - Con,23-08-1980,CO,Laborer,Male,27992,Hispanic,Married,Fully Meets,2
3505,Amaya,Hicks,29-Aug-20,Still Employed,Area Sales Manager,Michael Wilkins,amaya.hicks@bilearner.com,EW,Active,Contract,Zone B,Temporary,Unk,Active,Sales,Field Operations,24-07-1943,IN,Groundman,Male,72324,Hispanic,Widowed,Fully Meets,1
3506,Laila,Woodard,27-Aug-19,10-May-23,Area Sales Manager,Jordan Vega,laila.woodard@bilearner.com,MSC,Active,Full-Time,Zone B,Temporary,Voluntary,Fund nor half early miss follow.,Sales,Field Operations,06-07-1988,IN,Technician,Male,38740,Other,Married,Fully Meets,2
3507,Ivan,Huff,25-Feb-21,07-Apr-23,Area Sales Manager,John Miller,ivan.huff@bilearner.com,TNS,Active,Full-Time,Zone A,Full-Time,Retirement,Line later deal stand sometimes too mind.,Sales,Project Management - Con,24-03-1973,CA,Manager,Male,9437,White,Single,Fully Meets,4
3508,Aidan,Harding,13-Jul-21,Still Employed,Area Sales Manager,Trevor Adkins,aidan.harding@bilearner.com,CCDR,Active,Full-Time,Zone B,Part-Time,Unk,Active,Sales,Aerial,26-05-1942,OR,Laborer,Male,9385,Asian,Single,Fully Meets,5
3509,Cruz,Boyer,14-Apr-21,Still Employed,Area Sales Manager,Marcus Hunt,cruz.boyer@bilearner.com,BPC,Active,Part-Time,Zone C,Full-Time,Unk,Active,Sales,General - Sga,04-11-1977,KY,Project Controls,Female,75993,Black,Married,Fully Meets,2
3510,Raven,Koch,10-Feb-20,Still Employed,Area Sales Manager,Jennifer King,raven.koch@bilearner.com,PYZ,Active,Part-Time,Zone A,Full-Time,Unk,Active,Sales,General - Con,17-10-1956,KY,Laborer,Female,65329,Hispanic,Married,Fully Meets,2
3511,Karli,Barker,17-Aug-21,31-Dec-21,Area Sales Manager,Shawn Dudley,karli.barker@bilearner.com,WBL,Active,Part-Time,Zone B,Full-Time,Resignation,Tell paper every.,Sales,Finance & Accounting,18-02-1997,KY,Director,Female,41111,Asian,Divorced,Fully Meets,4
3512,Tyrone,Sosa,17-Apr-23,22-Jun-23,Area Sales Manager,Lindsay Chang,tyrone.sosa@bilearner.com,NEL,Future Start,Contract,Zone C,Temporary,Voluntary,Why sport must page bad.,Sales,Yard (Material Handling),25-10-1996,TX,Coordinator,Female,58860,Black,Single,Fully Meets,2
3513,Damaris,Cisneros,02-Sep-22,24-May-23,Area Sales Manager,Sharon Ruiz,damaris.cisneros@bilearner.com,PL,Future Start,Contract,Zone C,Temporary,Involuntary,Something sense information final building.,Sales,General - Con,13-11-1959,TX,Laborer,Male,93051,Other,Married,Fully Meets,5
3514,Alexus,Estes,15-Apr-20,Still Employed,Area Sales Manager,April Randolph,alexus.estes@bilearner.com,BPC,Active,Full-Time,Zone B,Part-Time,Unk,Active,Sales,Wireline Construction,03-01-1958,TX,Manager,Male,17419,Asian,Married,Fully Meets,1
3515,Kinsley,Flowers,09-Mar-22,10-Dec-22,Area Sales Manager,Mary Reilly,kinsley.flowers@bilearner.com,CCDR,Future Start,Part-Time,Zone A,Part-Time,Retirement,School see rest firm I.,Sales,Finance & Accounting,29-04-1997,CO,Controller,Male,59593,White,Single,Fully Meets,4
3516,Deborah,Love,07-Apr-22,22-Jan-23,Area Sales Manager,Eric Goodman,deborah.love@bilearner.com,SVG,Active,Contract,Zone B,Part-Time,Retirement,Source doctor rock group this.,Sales,Project Management - Con,25-06-1988,CO,Coordinator,Male,96350,Asian,Divorced,Fully Meets,5
3517,Milagros,Francis,19-Feb-20,Still Employed,Area Sales Manager,Caleb Schneider,milagros.francis@bilearner.com,EW,Active,Part-Time,Zone A,Part-Time,Unk,Active,Sales,Splicing,04-01-1942,IN,Splicer,Male,44469,Hispanic,Widowed,Fully Meets,4
3518,Roberto,Michael,10-Apr-21,04-Jul-22,Area Sales Manager,Cheryl Henry,roberto.michael@bilearner.com,MSC,Active,Contract,Zone B,Part-Time,Involuntary,Little imagine career he produce program.,Sales,General - Eng,24-05-1969,CA,Coordinator,Female,13249,Hispanic,Married,Fully Meets,2
3519,Elaine,Ewing,19-Dec-21,02-Mar-22,Area Sales Manager,Dan Hernandez,elaine.ewing@bilearner.com,TNS,Active,Part-Time,Zone C,Temporary,Resignation,Your very trip successful memory to while out.,Sales,Aerial,28-03-1951,CA,Groundman,Male,17123,Hispanic,Widowed,Fully Meets,2
3520,Caiden,Munoz,13-Dec-20,13-Jan-23,Area Sales Manager,Teresa Daniel,caiden.munoz@bilearner.com,TNS,Active,Full-Time,Zone C,Temporary,Involuntary,Red some option.,Sales,Project Management - Con,01-03-1963,ND,Manager,Female,18983,Black,Divorced,Fully Meets,1
3521,Jocelyn,Bradford,26-Feb-19,Still Employed,Area Sales Manager,Melissa Decker,jocelyn.bradford@bilearner.com,WBL,Active,Contract,Zone C,Part-Time,Unk,Active,Sales,General - Con,16-04-1949,KY,Electrician,Female,51795,Asian,Divorced,Fully Meets,4
3522,Marques,Armstrong,02-Mar-20,Still Employed,Area Sales Manager,Michael Nguyen,marques.armstrong@bilearner.com,BPC,Active,Full-Time,Zone C,Part-Time,Unk,Active,Sales,Splicing,12-10-1983,KY,Splicer,Female,34369,Other,Single,Fully Meets,1
3523,Rohan,Chapman,25-Jun-21,25-Aug-22,Area Sales Manager,Tony Mcconnell,rohan.chapman@bilearner.com,CCDR,Active,Full-Time,Zone A,Temporary,Resignation,Theory grow future week house.,Sales,General - Con,19-12-1978,KY,Laborer,Female,23092,Other,Single,Fully Meets,2
3524,Emmanuel,Franklin,26-Jul-21,04-May-22,Area Sales Manager,Adam Gibson,emmanuel.franklin@bilearner.com,EW,Future Start,Contract,Zone B,Full-Time,Resignation,Inside week also so.,Sales,Field Operations,11-11-1999,TX,Laborer,Male,6074,Asian,Divorced,Fully Meets,2
3525,Clayton,Mccormick,03-Jul-22,10-Jan-23,Area Sales Manager,Stephanie Duke,clayton.mccormick@bilearner.com,MSC,Future Start,Contract,Zone B,Temporary,Retirement,Surface vote old picture.,Sales,General - Con,29-01-1967,TX,Foreman,Male,72264,Hispanic,Single,Fully Meets,2
3526,Darius,Krause,15-Sep-22,Still Employed,Area Sales Manager,Paige Flores MD,darius.krause@bilearner.com,NEL,Active,Full-Time,Zone B,Full-Time,Unk,Active,Sales,General - Con,30-05-1948,TX,Foreman,Male,28282,White,Widowed,Fully Meets,4
3527,Ahmed,Hawkins,01-May-20,25-Feb-21,Area Sales Manager,Hannah Snyder,ahmed.hawkins@bilearner.com,PL,Active,Full-Time,Zone B,Temporary,Retirement,Especially thing recognize year fine shoulder.,Sales,Aerial,15-10-1974,CO,Lineman,Male,46645,Black,Married,Fully Meets,1
3528,Kymani,Benjamin,13-Oct-22,Still Employed,Area Sales Manager,William Ayala,kymani.benjamin@bilearner.com,PYZ,Active,Full-Time,Zone C,Part-Time,Unk,Active,Sales,Finance & Accounting,13-12-1991,CO,Accounting,Male,10790,Hispanic,Widowed,Fully Meets,2
3529,Callum,Mcdaniel,03-Jan-20,24-Aug-20,Area Sales Manager,Samuel Moore,callum.mcdaniel@bilearner.com,SVG,Active,Part-Time,Zone C,Full-Time,Voluntary,Camera spring color about energy provide claim.,Sales,Field Operations,18-06-1994,IN,Top Hand,Male,67282,Hispanic,Single,Fully Meets,2
3530,Zariah,Black,13-Nov-19,Still Employed,Area Sales Manager,Jenna Weaver,zariah.black@bilearner.com,TNS,Active,Full-Time,Zone B,Part-Time,Unk,Active,Sales,Field Operations,16-06-1993,CA,Tower Hand,Female,62321,Black,Widowed,Fully Meets,2
3531,Ronnie,Mayer,17-Jun-23,Still Employed,Area Sales Manager,Dylan Blake,ronnie.mayer@bilearner.com,WBL,Active,Full-Time,Zone C,Full-Time,Unk,Active,Sales,Project Management - Con,18-05-1943,CA,Project Manager,Male,18409,Black,Divorced,Fully Meets,1
3532,Marlon,Ford,14-Oct-21,Still Employed,Area Sales Manager,Monique Anderson,marlon.ford@bilearner.com,EW,Active,Part-Time,Zone B,Full-Time,Unk,Active,IT/IS,Wireless,27-11-1966,OR,Technician,Female,40306,Black,Widowed,Fully Meets,1
3533,Slade,Griffith,01-Jun-21,16-Jul-23,Area Sales Manager,Kelsey Gibson,slade.griffith@bilearner.com,MSC,Active,Contract,Zone B,Full-Time,Voluntary,Pass language out side age evidence.,Sales,General - Sga,12-11-1966,ND,Administrator,Male,65183,White,Married,Fully Meets,2
3534,Lee,Frye,14-Sep-18,Still Employed,Area Sales Manager,Sonia Diaz,lee.frye@bilearner.com,TNS,Active,Full-Time,Zone A,Full-Time,Unk,Active,Sales,Engineers,16-08-1959,KY,Engineer,Female,97002,Asian,Single,Fully Meets,4
3535,Veronica,Rowe,11-Dec-18,02-Jun-22,Area Sales Manager,Brian Morton,veronica.rowe@bilearner.com,PYZ,Active,Full-Time,Zone A,Temporary,Retirement,Popular west moment natural step activity.,Sales,Fielders,02-02-1994,KY,Engineer,Female,29811,Black,Single,Fully Meets,4
3536,Aylin,Berg,06-Aug-22,Still Employed,Area Sales Manager,Thomas Holmes,aylin.berg@bilearner.com,WBL,Active,Contract,Zone C,Temporary,Unk,Active,Sales,General - Sga,02-01-1989,GA,Administrative,Female,89169,Black,Single,Fully Meets,2
3537,Neveah,Rowe,28-May-22,24-Feb-23,Area Sales Manager,Dawn Perez,neveah.rowe@bilearner.com,NEL,Future Start,Contract,Zone C,Part-Time,Retirement,Manager lead both sing.,Sales,Field Operations,11-07-1954,TX,Foreman,Male,63882,Hispanic,Married,Fully Meets,2
3538,Keith,Baxter,16-Jun-19,05-Mar-22,Area Sales Manager,Diane Parker,keith.baxter@bilearner.com,PL,Future Start,Part-Time,Zone C,Part-Time,Resignation,And after why station much cell low.,Sales,Fielders,29-08-1959,TX,Engineer,Male,62328,Asian,Widowed,Fully Meets,2
3539,Chaz,Bruce,08-Dec-19,Still Employed,Area Sales Manager,John Johnson,chaz.bruce@bilearner.com,BPC,Active,Full-Time,Zone C,Temporary,Unk,Active,Sales,General - Con,27-11-1983,CO,Foreman,Male,74448,Hispanic,Single,Fully Meets,5
3540,Maya,Mccann,12-Mar-20,09-Oct-22,Area Sales Manager,Dakota Robinson,maya.mccann@bilearner.com,CCDR,Active,Full-Time,Zone B,Part-Time,Retirement,American rule surface very figure.,Sales,Splicing,09-06-1983,CO,Supervisor,Male,18721,White,Widowed,Exceeds,4
3541,Aaron,Weber,06-Apr-20,24-Jul-23,Area Sales Manager,Melanie Garcia,aaron.weber@bilearner.com,SVG,Active,Full-Time,Zone B,Full-Time,Involuntary,Read stand western white article campaign dog.,Sales,Field Operations,27-10-1991,IN,Technician,Male,78938,Black,Married,Exceeds,2
3542,Ellie,Gill,15-Apr-23,Still Employed,Area Sales Manager,Amanda Knight,ellie.gill@bilearner.com,EW,Active,Contract,Zone A,Temporary,Unk,Active,Sales,Field Operations,01-03-1948,IN,Manager,Male,45456,White,Married,Needs Improvement,1
3543,Rayne,Kerr,10-Nov-20,Still Employed,Area Sales Manager,Kimberly Cardenas,rayne.kerr@bilearner.com,MSC,Active,Part-Time,Zone A,Temporary,Unk,Active,Sales,General - Con,18-02-1981,CA,Laborer,Female,45509,Black,Single,Fully Meets,2
3544,Samara,Mcbride,29-Jun-23,09-Jul-23,Area Sales Manager,Laura Salinas,samara.mcbride@bilearner.com,TNS,Active,Contract,Zone A,Temporary,Retirement,Political likely land country.,Sales,Aerial,16-09-2000,CA,Foreman,Male,13902,Asian,Single,Fully Meets,2
3545,Ryann,Rubio,07-Mar-22,Still Employed,Area Sales Manager,Andres Jones,ryann.rubio@bilearner.com,EW,Active,Full-Time,Zone C,Temporary,Unk,Active,IT/IS,Field Operations,28-01-1943,OR,Locator,Female,9733,Black,Widowed,Fully Meets,1
3546,Paris,Carr,31-Jul-21,27-Jan-23,Area Sales Manager,Jeffrey Huffman,paris.carr@bilearner.com,CCDR,Active,Full-Time,Zone B,Part-Time,Voluntary,Baby million million soldier.,Sales,General - Con,14-07-1980,ND,Foreman,Male,35786,Hispanic,Widowed,Exceeds,1
3547,Adriel,Wiggins,20-Jan-22,Still Employed,Area Sales Manager,Sara Edwards,adriel.wiggins@bilearner.com,BPC,Active,Contract,Zone B,Full-Time,Unk,Active,Sales,Project Management - Eng,25-03-1947,KY,Supervisor,Female,1919,Other,Married,Needs Improvement,2
3548,Sanaa,Glass,11-Jul-21,10-Oct-22,Area Sales Manager,Stephen Garcia,sanaa.glass@bilearner.com,WBL,Active,Part-Time,Zone A,Full-Time,Resignation,Bit reveal forget the.,Sales,General - Con,25-01-1964,KY,Technician,Female,40135,White,Single,Fully Meets,1
3549,Ryan,Lynch,15-Oct-18,18-Oct-20,Area Sales Manager,Tracy Castro MD,ryan.lynch@bilearner.com,TNS,Active,Full-Time,Zone C,Full-Time,Retirement,Fact southern recognize themselves type mean.,Sales,Field Operations,17-03-1955,GA,Technician,Female,72975,Black,Divorced,Fully Meets,2
3550,Charlie,Atkinson,26-Nov-21,14-Oct-22,Area Sales Manager,Jennifer Hicks,charlie.atkinson@bilearner.com,SVG,Future Start,Part-Time,Zone C,Temporary,Resignation,Will person decade Republican.,Sales,Wireline Construction,26-03-1988,TX,Billing,Male,57754,White,Divorced,Fully Meets,1
3551,Emery,Roach,11-Aug-18,Still Employed,Area Sales Manager,Victoria Bailey,emery.roach@bilearner.com,PYZ,Active,Part-Time,Zone C,Part-Time,Unk,Active,Sales,Engineers,04-07-1954,TX,Engineer,Male,81142,Black,Married,Needs Improvement,4
3552,Harper,Ramos,16-Feb-20,03-Jun-20,Area Sales Manager,Maria Chan,harper.ramos@bilearner.com,PL,Active,Full-Time,Zone B,Full-Time,Retirement,Stand possible truth bank on meet daughter.,Sales,Field Operations,11-08-1942,CO,Foreman,Male,28714,White,Single,Needs Improvement,1
3553,Khalil,Mendez,20-Jan-20,Still Employed,Area Sales Manager,Regina Martinez,khalil.mendez@bilearner.com,NEL,Active,Contract,Zone C,Temporary,Unk,Active,Sales,Field Operations,07-05-1949,CO,Foreman,Male,50379,Black,Divorced,Fully Meets,4
3554,Lizeth,Holland,31-Mar-19,Still Employed,Area Sales Manager,Tonya Martin,lizeth.holland@bilearner.com,MSC,Active,Part-Time,Zone C,Temporary,Unk,Active,Sales,People Services,14-10-1958,IN,Cpo,Male,78385,Asian,Widowed,Fully Meets,1
3555,Matilda,Randall,06-Jan-23,07-May-23,Area Sales Manager,Daniel Wolf,matilda.randall@bilearner.com,EW,Active,Full-Time,Zone C,Temporary,Resignation,Choose list of all nor stock.,Sales,General - Eng,11-01-1988,IN,Drafter,Female,48104,Hispanic,Widowed,Fully Meets,4
3556,Damien,Howe,18-Jul-19,15-Jan-20,Area Sales Manager,Sarah Petersen,damien.howe@bilearner.com,CCDR,Active,Full-Time,Zone B,Temporary,Retirement,Community material much behind.,Sales,Wireline Construction,16-06-1961,CA,Vp,Male,86009,White,Single,Exceeds,2
3557,Nicholas,Obrien,13-Feb-19,Still Employed,Area Sales Manager,Victoria Christian DDS,nicholas.obrien@bilearner.com,BPC,Active,Part-Time,Zone C,Temporary,Unk,Active,Sales,Field Operations,06-06-1960,MA,Operator,Male,68837,Other,Single,Fully Meets,2
3558,Mildred,Gentry,30-Dec-18,Still Employed,Production Technician I,Erin Moore,mildred.gentry@bilearner.com,MSC,Active,Part-Time,Zone A,Part-Time,Unk,Active,Production       ,Yard (Material Handling),04-06-1959,MA,Manager,Female,2145,Black,Single,Fully Meets,1
3559,Wilson K,Adinolfi,06-Nov-19,06-Sep-20,Production Technician I,Andrea Gutierrez,wilson k.adinolfi@bilearner.com,NEL,Active,Part-Time,Zone C,Full-Time,Retirement,Age approach seek person across yes care.,Production       ,Field Operations,18-11-1991,MA,Assistant,Male,1960,White,Single,Fully Meets,2
3560,Joanne,Handschiegl,01-Jun-22,Still Employed,Production Technician I,Wanda Ross DDS,joanne.handschiegl@bilearner.com,MSC,Active,Contract,Zone C,Full-Time,Unk,Active,Production       ,Field Operations,18-02-1954,MA,Technician,Female,2127,Asian,Divorced,Exceeds,4
3561,Dianna,Blount,28-Mar-23,Still Employed,Production Technician II,Steven King,dianna.blount@bilearner.com,BPC,Active,Part-Time,Zone C,Temporary,Unk,Active,Production       ,General - Con,31-01-1959,MA,Technician,Female,2171,White,Married,Fully Meets,5
3562,Jean,Crimmings,21-May-19,05-Jan-23,Production Technician I,Stephen Rodriguez,jean.crimmings@bilearner.com,CCDR,Future Start,Contract,Zone B,Full-Time,Retirement,Whom summer common produce despite follow.,Production       ,Shop (Fleet),09-04-1954,MA,Manager,Female,1821,Other,Single,Exceeds,2
3563,Nore,Sadki,01-Jan-19,Still Employed,Production Technician I,Patricia Carter,nore.sadki@bilearner.com,WBL,Active,Contract,Zone B,Full-Time,Unk,Active,Production       ,Field Operations,15-10-1946,MA,Driver,Male,2148,Black,Widowed,PIP,4
3564,Susan,Lundy,26-Jan-19,02-Dec-20,Production Technician II,Diana Johnson,susan.lundy@bilearner.com,SVG,Voluntarily Terminated,Full-Time,Zone C,Temporary,Resignation,Week degree party available measure.,Production       ,Aerial,07-11-1994,MA,Lineman,Female,2122,White,Divorced,Fully Meets,1
3565,Kramer,Keatts,11-Sep-21,Still Employed,Production Technician I,Diana Good,kramer.keatts@bilearner.com,WBL,Active,Part-Time,Zone B,Full-Time,Unk,Active,Production       ,General - Con,10-05-1968,MA,Lineman,Male,1887,Other,Divorced,Fully Meets,4
3566,Maliki,Moumanil,26-Sep-21,Still Employed,Production Technician II,Desiree Stephens,maliki.moumanil@bilearner.com,PL,Active,Part-Time,Zone A,Part-Time,Unk,Active,Production       ,Aerial,05-10-1963,MA,Lineman,Male,1460,Black,Single,Fully Meets,2
3567,Nader,Barton,04-Mar-23,Still Employed,Production Technician I,Debra Garcia,nader.barton@bilearner.com,EW,Active,Full-Time,Zone C,Full-Time,Unk,Active,Production       ,General - Sga,02-09-1966,MA,Technician,Male,2747,Asian,Widowed,Fully Meets,4
3568,Quinn,Rarrick,11-Jul-23,29-Jul-23,Production Technician I,Susan Brown,quinn.rarrick@bilearner.com,EW,Voluntarily Terminated,Full-Time,Zone B,Part-Time,Involuntary,Couple really very hear.,Production       ,Field Operations,08-12-1974,MA,Foreman,Male,2478,Asian,Divorced,Fully Meets,2
3569,Beatrice,Chace,09-Feb-19,28-Aug-20,Production Technician I,Margaret Hampton,beatrice.chace@bilearner.com,MSC,Active,Part-Time,Zone B,Temporary,Involuntary,Trial little must kitchen recently.,Production       ,Catv,19-07-1995,MA,Supervisor,Female,2763,Hispanic,Divorced,Fully Meets,2
3570,Adrienne J,Homberger,19-Apr-19,26-Oct-21,Production Technician II,Brandon Miller,adrienne j.homberger@bilearner.com,TNS,Voluntarily Terminated,Full-Time,Zone B,Temporary,Voluntary,Change instead determine share far leg ground.,Production       ,Fielders,23-11-1974,MA,Engineer,Female,2445,Asian,Married,Fully Meets,1
3571,Marilyn,Linares,07-Jul-22,17-Jul-23,Production Technician I,Dr. Matthew Schmitt,marilyn.linares@bilearner.com,NEL,Voluntarily Terminated,Part-Time,Zone C,Full-Time,Resignation,Heavy throughout program.,Production       ,Field Operations,29-08-1947,MA,Engineer,Female,1886,White,Widowed,Fully Meets,4
3572,Timothy,Sullivan,12-Mar-19,19-May-20,Production Technician I,Shawn Berry,timothy.sullivan@bilearner.com,WBL,Active,Contract,Zone A,Part-Time,Retirement,Where first Mr remember crime.,Production       ,Fielders,07-06-1994,MA,Engineer,Male,2747,White,Single,Fully Meets,5
3573,Jennifer,Medeiros,09-Mar-20,17-Oct-21,Production Technician I,Brittany Martin,jennifer.medeiros@bilearner.com,NEL,Active,Contract,Zone B,Full-Time,Involuntary,Cup purpose hundred region similar.,Production       ,Field Operations,26-10-1983,MA,Driller,Female,2346,Asian,Divorced,Exceeds,4
3574,Anna,Von Massenbach,18-May-21,04-Jan-22,Production Technician I,Timothy Weaver,anna.von massenbach@bilearner.com,WBL,Future Start,Contract,Zone B,Full-Time,Involuntary,News quite number answer program.,Production       ,Underground,06-05-1951,MA,Laborer,Female,2124,Hispanic,Widowed,Fully Meets,1
3575,George,Johnson,28-Apr-21,18-Jan-22,Production Technician I,Amanda Smith,george.johnson@bilearner.com,MSC,Voluntarily Terminated,Part-Time,Zone A,Temporary,Resignation,Big large training region.,Production       ,Field Operations,05-03-1987,MA,Groundman,Male,2445,Hispanic,Single,Exceeds,5
3576,Angela,Erilus,21-Jul-21,26-Apr-23,Production Technician II,Marc Cummings,angela.erilus@bilearner.com,PL,Active,Full-Time,Zone B,Full-Time,Voluntary,Reflect off growth mouth have.,Production       ,Engineers,26-04-1992,MA,Project Manager,Female,2133,Asian,Single,Exceeds,4
3577,Miguel,Estremera,15-Sep-19,Still Employed,Production Technician I,James Rodriguez,miguel.estremera@bilearner.com,BPC,Active,Part-Time,Zone C,Temporary,Unk,Active,Production       ,Field Operations,30-05-1957,MA,Tower Hand,Male,2129,White,Widowed,Fully Meets,4
3578,Clinton,Owad,04-May-19,Still Employed,Production Technician I,Elizabeth Sullivan MD,clinton.owad@bilearner.com,WBL,Active,Full-Time,Zone A,Temporary,Unk,Active,Production       ,Field Operations,30-05-1957,MA,Technician,Male,1760,Hispanic,Married,Exceeds,2
3579,Constance,Sloan,20-May-21,Still Employed,Production Technician II,Sean Marsh,constance.sloan@bilearner.com,BPC,Active,Full-Time,Zone C,Part-Time,Unk,Active,Production       ,Field Operations,15-11-1946,MA,Laborer,Female,1851,Asian,Widowed,Needs Improvement,4
3580,Davion,Sanchez,16-Dec-19,Still Employed,Production Technician I,Kathryn Wilkinson,davion.sanchez@bilearner.com,PYZ,Active,Full-Time,Zone C,Full-Time,Unk,Active,Production       ,Field Operations,21-04-1942,MA,Foreman,Male,41016,Other,Married,Fully Meets,4
3581,Ross,Strickland,20-Nov-20,01-May-23,Production Technician I,Paul Walker,ross.strickland@bilearner.com,SVG,Active,Full-Time,Zone A,Part-Time,Voluntary,Memory high then mind concern carry level life.,Production       ,Wireline Construction,08-03-1943,MA,Foreman,Male,18389,Other,Divorced,Fully Meets,2
3582,Augustus,Drake,19-Aug-20,04-May-22,Production Technician I,Elizabeth Robertson,augustus.drake@bilearner.com,TNS,Active,Part-Time,Zone B,Part-Time,Retirement,Other might rise today.,Production       ,Yard (Material Handling),09-08-1968,MA,Laborer,Male,90676,Asian,Widowed,Fully Meets,4
3583,Gracelyn,Huynh,28-Apr-21,18-Apr-22,Production Technician I,Tasha Mayer,gracelyn.huynh@bilearner.com,WBL,Active,Full-Time,Zone C,Temporary,Retirement,Others those data before major how.,Production       ,Field Operations,20-11-1958,MA,Construction Manager,Female,16011,White,Married,Needs Improvement,4
3584,Orlando,Armstrong,14-Aug-20,Still Employed,Production Technician I,Chris Walker,orlando.armstrong@bilearner.com,BPC,Active,Contract,Zone C,Full-Time,Unk,Active,Production       ,Field Operations,07-11-1987,MA,Lineman,Female,2051,Other,Married,Fully Meets,4
3585,Edward,Everett,22-Dec-21,Still Employed,Production Technician I,Traci Floyd,edward.everett@bilearner.com,CCDR,Active,Full-Time,Zone A,Full-Time,Unk,Active,Production       ,Yard (Material Handling),16-07-1992,MA,Laborer,Female,3074,Black,Divorced,Fully Meets,4
3586,Jaqueline,Terrell,01-Feb-19,10-Feb-19,Production Technician I,Veronica Wiley,jaqueline.terrell@bilearner.com,EW,Active,Part-Time,Zone B,Full-Time,Resignation,Identify next game leader.,Production       ,People Services,27-12-2000,MA,Manager,Female,24711,Hispanic,Single,Fully Meets,2
3587,Quinn,Mccullough,10-May-21,17-Dec-21,Production Technician I,Katherine Gay,quinn.mccullough@bilearner.com,MSC,Active,Full-Time,Zone B,Temporary,Resignation,Society red to able.,Production       ,General - Eng,25-12-1977,MA,Administrative,Male,74564,Other,Divorced,Fully Meets,2
3588,Selena,Greer,25-Jun-19,15-Aug-19,Production Technician I,Paul Lopez,selena.greer@bilearner.com,NEL,Active,Full-Time,Zone C,Full-Time,Retirement,Everybody no four arrive major ten culture.,Production       ,Shop (Fleet),08-03-1972,MA,Mechanic,Male,14504,Black,Widowed,Fully Meets,2
3589,Giovani,Roy,25-Apr-19,Still Employed,Production Technician I,Jay Bush,giovani.roy@bilearner.com,PL,Active,Contract,Zone B,Temporary,Unk,Active,Production       ,Field Operations,02-08-1951,MA,Laborer,Male,2683,White,Single,Fully Meets,1
3590,Dominik,Mullen,25-Feb-21,13-Oct-22,Production Technician I,Jessica Allen,dominik.mullen@bilearner.com,PYZ,Future Start,Part-Time,Zone C,Full-Time,Retirement,Country as dream project office.,Production       ,Field Operations,31-05-1995,MA,Laborer,Male,66167,Asian,Widowed,Fully Meets,4
3591,Abdullah,Ellison,23-Nov-21,29-May-23,Production Technician I,Dr. William Thompson,abdullah.ellison@bilearner.com,SVG,Future Start,Contract,Zone B,Part-Time,Voluntary,Quality decade director.,Production       ,Field Operations,14-11-1998,MA,Supervisor,Female,21634,White,Married,Needs Improvement,5
3592,Andre,Guzman,05-Oct-21,18-Jun-22,Production Technician I,Mrs. Audrey Gonzalez DDS,andre.guzman@bilearner.com,TNS,Future Start,Contract,Zone B,Full-Time,Voluntary,Particular network available hospital.,Production       ,Field Operations,23-12-1998,MA,Technician,Male,9454,Other,Single,Fully Meets,3
3593,Brayden,Malone,30-May-20,Still Employed,Production Technician I,Ashley Bradshaw,brayden.malone@bilearner.com,WBL,Active,Contract,Zone A,Full-Time,Unk,Active,Production       ,General - Con,11-11-1949,MA,Foreman,Male,48453,Asian,Married,Fully Meets,1
3594,Maribel,Morrison,11-Dec-18,Still Employed,Production Technician I,Ashley Meyer,maribel.morrison@bilearner.com,PYZ,Active,Part-Time,Zone B,Part-Time,Unk,Active,Production       ,Field Operations,14-03-1968,MA,Technician,Male,72888,Black,Married,Needs Improvement,1
3595,Fisher,Stafford,22-Sep-20,14-Sep-22,Production Technician I,Nicole Delgado,fisher.stafford@bilearner.com,WBL,Active,Contract,Zone A,Temporary,Resignation,Dark meeting play room head join truth involve.,Production       ,Engineers,02-03-1952,MA,Technician,Male,56703,Other,Divorced,Fully Meets,1
3596,Kellen,Medina,28-Jul-19,Still Employed,Production Technician I,John Henry,kellen.medina@bilearner.com,NEL,Active,Part-Time,Zone C,Full-Time,Unk,Active,Production       ,Splicing,19-07-1982,MA,Technician,Male,33998,Other,Single,Needs Improvement,2
3597,Brenton,Monroe,06-Jun-20,14-Apr-21,Production Technician II,Autumn Decker,brenton.monroe@bilearner.com,PYZ,Future Start,Contract,Zone C,Part-Time,Retirement,Democrat themselves deal future early.,Production       ,General - Con,31-10-1986,MA,Foreman,Female,17650,Black,Single,Fully Meets,1
3598,Derick,Rocha,28-Sep-18,05-Aug-23,Production Technician II,Alex Moore,derick.rocha@bilearner.com,SVG,Voluntarily Terminated,Part-Time,Zone A,Full-Time,Resignation,Majority executive plan imagine.,Production       ,Project Management - Eng,06-10-1950,MA,Supervisor,Female,72750,Other,Married,Needs Improvement,1
3599,Elaine,Weeks,12-Apr-20,Still Employed,Production Technician II,Dana Smith,elaine.weeks@bilearner.com,TNS,Active,Part-Time,Zone A,Temporary,Unk,Active,Production       ,General - Con,31-03-1950,MA,Technician,Female,14044,White,Divorced,Fully Meets,2
3600,Marely,Dixon,01-Nov-22,Still Employed,Production Technician II,Bobby Serrano,marely.dixon@bilearner.com,WBL,Active,Contract,Zone B,Temporary,Unk,Active,Production       ,Field Operations,07-10-1949,MA,Technician,Female,34810,White,Single,Fully Meets,2
3601,Keagan,Henson,21-Nov-22,Still Employed,Production Technician II,Robert Riley,keagan.henson@bilearner.com,BPC,Active,Part-Time,Zone B,Full-Time,Unk,Active,Production       ,Wireline Construction,22-07-1966,MA,Billing,Female,75187,White,Married,Fully Meets,5
3602,Helena,Davenport,11-Apr-21,24-May-23,Production Technician II,Crystal Mcneil,helena.davenport@bilearner.com,CCDR,Voluntarily Terminated,Full-Time,Zone B,Part-Time,Involuntary,Quality audience deal assume.,Production       ,Engineers,12-10-1994,MA,Engineer,Female,30766,Hispanic,Married,Fully Meets,5
3603,Houston,Aguirre,29-Nov-18,21-Feb-19,Production Technician II,Christine Costa,houston.aguirre@bilearner.com,EW,Voluntarily Terminated,Full-Time,Zone A,Part-Time,Resignation,To trial deep.,Production       ,Field Operations,15-02-1977,MA,Technician,Female,58348,White,Married,Fully Meets,2
3604,Kane,Owen,16-Jan-19,31-Aug-22,Production Technician II,Mark Hale,kane.owen@bilearner.com,MSC,Active,Part-Time,Zone B,Full-Time,Resignation,Sometimes surface page stand area.,Production       ,Field Operations,09-03-1948,MA,Foreman,Female,44626,Hispanic,Divorced,Needs Improvement,4
3605,Emerson,Pitts,18-Sep-19,Still Employed,Production Technician I,Destiny Johnson,emerson.pitts@bilearner.com,CCDR,Active,Contract,Zone C,Temporary,Unk,Active,Production       ,Engineers,25-08-1943,MA,Technician,Male,2315,Other,Divorced,Fully Meets,4
3606,Clarissa,Winters,01-Aug-19,20-Jan-23,Production Technician I,Eric Gonzales,clarissa.winters@bilearner.com,SVG,Voluntarily Terminated,Part-Time,Zone C,Full-Time,Involuntary,Poor list reduce reality.,Production       ,Billable Consultants,13-03-1965,MA,Engineer,Male,95618,Other,Divorced,Fully Meets,3
3607,Frankie,Atkins,18-Jun-19,14-Apr-21,Production Technician I,Christopher Murray,frankie.atkins@bilearner.com,EW,Active,Full-Time,Zone A,Full-Time,Resignation,Finally build do analysis beyond heavy.,Production       ,Project Management - Con,03-08-1976,MA,Coordinator,Male,15195,Other,Married,Fully Meets,5
3608,Ally,Zhang,13-Feb-19,Still Employed,Production Technician I,Ashley Williamson,ally.zhang@bilearner.com,MSC,Active,Full-Time,Zone C,Part-Time,Unk,Active,Production       ,Field Operations,06-07-1979,MA,Technician,Male,74447,Other,Married,Fully Meets,3
3609,Kayleigh,Harmon,02-Jun-21,Still Employed,Production Technician I,Frederick Harrison,kayleigh.harmon@bilearner.com,TNS,Active,Contract,Zone B,Full-Time,Unk,Active,Production       ,Shop (Fleet),09-06-1993,MA,Welder,Female,21318,Other,Widowed,Fully Meets,3
3610,Kayley,Myers,11-Oct-18,Still Employed,Production Technician I,Brian Arnold,kayley.myers@bilearner.com,PYZ,Active,Part-Time,Zone C,Full-Time,Unk,Active,Production       ,Field Operations,07-04-1973,MA,Laborer,Female,51430,Other,Single,Fully Meets,3
3611,Rowan,Cobb,09-Mar-21,Still Employed,Production Technician I,Lori Reed,rowan.cobb@bilearner.com,WBL,Active,Contract,Zone C,Full-Time,Unk,Active,Production       ,Project Management - Con,20-01-1952,MA,Technician,Female,85651,Hispanic,Married,Fully Meets,2
3612,Edward,Mann,23-Jan-22,Still Employed,Production Technician I,Trevor Rodriguez,edward.mann@bilearner.com,NEL,Active,Contract,Zone A,Part-Time,Unk,Active,Production       ,Field Operations,25-12-1984,MA,Technician,Male,68900,Black,Single,PIP,4
3613,Amirah,Johnson,24-Feb-19,Still Employed,Production Technician I,Jason Owens,amirah.johnson@bilearner.com,PL,Active,Contract,Zone B,Part-Time,Unk,Active,Production       ,Field Operations,14-06-1973,MA,Laborer,Male,9241,Asian,Married,Exceeds,1
3614,Bridget,Deleon,08-Jan-20,02-Jul-21,Production Technician I,Clifford Martinez,bridget.deleon@bilearner.com,BPC,Active,Contract,Zone B,Temporary,Voluntary,Store common between real.,Production       ,Project Management - Con,31-08-1973,MA,Field Project Manager,Male,23691,White,Married,Fully Meets,2
3615,Martin,Weber,13-May-21,22-Sep-22,Production Technician I,Lee Hudson,martin.weber@bilearner.com,CCDR,Future Start,Full-Time,Zone B,Part-Time,Retirement,View ever record ahead.,Production       ,General - Con,14-05-1986,MA,Manager,Male,74388,Asian,Divorced,Exceeds,2
3616,Ruben,Lewis,12-Feb-22,Still Employed,Production Technician I,Allison Tran,ruben.lewis@bilearner.com,SVG,Active,Contract,Zone C,Full-Time,Unk,Active,Production       ,General - Con,24-03-1981,MA,Laborer,Female,14234,Hispanic,Married,Fully Meets,4
3617,Bailey,Collier,01-Feb-23,Still Employed,Production Technician I,Pamela Johnson,bailey.collier@bilearner.com,EW,Active,Full-Time,Zone C,Full-Time,Unk,Active,Production       ,Wireline Construction,18-02-1961,MA,Splicer,Female,37635,Hispanic,Married,Fully Meets,1
3618,Charlee,Roth,04-Feb-23,Still Employed,Production Technician I,Erin Harris,charlee.roth@bilearner.com,MSC,Active,Part-Time,Zone B,Temporary,Unk,Active,Production       ,Splicing,05-05-1944,MA,Splicer,Male,13186,Black,Married,Fully Meets,3
3619,Karissa,Bowers,23-Mar-23,01-May-23,Production Technician I,Robert Wright,karissa.bowers@bilearner.com,TNS,Active,Full-Time,Zone A,Full-Time,Involuntary,Some others lot miss land similar.,Production       ,General - Con,17-03-1984,MA,Technician,Male,76278,Asian,Married,Fully Meets,3
3620,Noel,Ramirez,22-Mar-23,14-Jul-23,Production Technician I,Mr. Nicholas Austin,noel.ramirez@bilearner.com,PYZ,Active,Part-Time,Zone A,Temporary,Involuntary,Outside sing song relationship action teach.,Production       ,General - Eng,12-10-1994,MA,Specialist,Male,77580,Hispanic,Married,Fully Meets,2
3621,Victoria,Franco,28-Nov-18,Still Employed,Production Technician I,Natalie Cannon,victoria.franco@bilearner.com,WBL,Active,Contract,Zone A,Full-Time,Unk,Active,Production       ,Wireless,09-09-1997,MA,Laborer,Male,15586,White,Married,Fully Meets,2
3622,Danika,Fleming,09-Jul-20,10-Jul-21,Production Technician II,Christopher Ayers,danika.fleming@bilearner.com,SVG,Active,Part-Time,Zone A,Temporary,Resignation,Song remember visit finish edge difficult down.,Production       ,Field Operations,16-10-1995,MA,Laborer,Female,75607,Hispanic,Divorced,Fully Meets,3
3623,Jocelyn,Kline,11-Feb-19,Still Employed,Production Technician II,Elizabeth Burton,jocelyn.kline@bilearner.com,EW,Active,Part-Time,Zone A,Full-Time,Unk,Active,Production       ,Engineers,25-04-1958,MA,Engineer,Female,47289,Asian,Divorced,Fully Meets,3
3624,Cesar,Higgins,09-Jan-20,Still Employed,Production Technician II,Timothy Curtis,cesar.higgins@bilearner.com,MSC,Active,Part-Time,Zone B,Part-Time,Unk,Active,Production       ,Technology / It,04-02-1996,MA,Engineer,Female,85711,Asian,Married,Fully Meets,4
3625,Gabriel,Dodson,11-Nov-21,31-Jul-22,Production Technician II,Tammy Navarro,gabriel.dodson@bilearner.com,TNS,Voluntarily Terminated,Contract,Zone B,Part-Time,Resignation,Interesting final piece follow.,Production       ,Engineers,14-12-1975,MA,Engineer,Female,54392,Asian,Single,Fully Meets,5
